date,total_value,cash,position_value,position_count,positions
2025-01-02,1000000.0,1000000.0,0.0,0,[]
2025-01-03,1000000.0,1000000.0,0.0,0,[]
2025-01-06,1000154.31811,8400.668110000057,991753.6499999999,2,"[{'code': 'sh.600036', 'size': 12933, 'buy_price': 38.66, 'current_price': 39.05, 'value': 505033.64999999997, 'profit_pct': 0.010087946197620296}, {'code': 'sh.600519', 'size': 338, 'buy_price': 1475.0, 'current_price': 1440.0, 'value': 486720.0, 'profit_pct': -0.023728813559322035}]"
2025-01-07,998281.96811,8400.668110000057,989881.2999999999,1,"[{'code': 'sh.600036', 'size': 12933, 'buy_price': 38.66, 'current_price': 38.9, 'value': 503093.69999999995, 'profit_pct': 0.006207966890843301}]"
2025-01-08,1002885.5481100001,494877.3081100001,508008.24,1,"[{'code': 'sh.600036', 'size': 12933, 'buy_price': 38.66, 'current_price': 39.28, 'value': 508008.24, 'profit_pct': 0.01603724780134518}]"
2025-01-09,999264.3081100001,494877.3081100001,504387.0,1,"[{'code': 'sh.600036', 'size': 12933, 'buy_price': 38.66, 'current_price': 39.0, 'value': 504387.0, 'profit_pct': 0.008794619762028024}]"
2025-01-10,999005.6481100001,494877.3081100001,504128.33999999997,1,"[{'code': 'sh.600036', 'size': 12933, 'buy_price': 38.66, 'current_price': 38.98, 'value': 504128.33999999997, 'profit_pct': 0.008277289187791007}]"
2025-01-13,1000169.6181100002,494877.3081100001,505292.31000000006,1,"[{'code': 'sh.600036', 'size': 12933, 'buy_price': 38.66, 'current_price': 39.07, 'value': 505292.31, 'profit_pct': 0.010605276771857313}]"
2025-01-14,1010257.3581100001,494877.3081100001,515380.05000000005,1,"[{'code': 'sh.600036', 'size': 12933, 'buy_price': 38.66, 'current_price': 39.85, 'value': 515380.05000000005, 'profit_pct': 0.030781169167097902}]"
2025-01-15,1020474.4281100001,494877.3081100001,525597.12,1,"[{'code': 'sh.600036', 'size': 12933, 'buy_price': 38.66, 'current_price': 40.64, 'value': 525597.12, 'profit_pct': 0.05121572684945691}]"
2025-01-16,1025000.9781100001,494877.3081100001,530123.67,1,"[{'code': 'sh.600036', 'size': 12933, 'buy_price': 38.66, 'current_price': 40.99, 'value': 530123.67, 'profit_pct': 0.060269011898603356}]"
2025-01-17,1021379.7381100002,494877.3081100001,526502.43,1,"[{'code': 'sh.600036', 'size': 12933, 'buy_price': 38.66, 'current_price': 40.71, 'value': 526502.43, 'profit_pct': 0.0530263838592862}]"
2025-01-20,1013749.2681100001,494877.3081100001,518871.95999999996,1,"[{'code': 'sh.600036', 'size': 12933, 'buy_price': 38.66, 'current_price': 40.12, 'value': 518871.95999999996, 'profit_pct': 0.03776513191929646}]"
2025-01-21,1014007.9281100001,494877.3081100001,519130.62,1,"[{'code': 'sh.600036', 'size': 12933, 'buy_price': 38.66, 'current_price': 40.14, 'value': 519130.62, 'profit_pct': 0.038282462493533474}]"
2025-01-22,1005084.1581100002,494877.3081100001,510206.8500000001,1,"[{'code': 'sh.600036', 'size': 12933, 'buy_price': 38.66, 'current_price': 39.45, 'value': 510206.85000000003, 'profit_pct': 0.020434557682359192}]"
2025-01-23,1009998.69811,494877.3081100001,515121.3899999999,1,"[{'code': 'sh.600036', 'size': 12933, 'buy_price': 38.66, 'current_price': 39.83, 'value': 515121.38999999996, 'profit_pct': 0.030263838592860883}]"
2025-01-24,1015559.88811,494877.3081100001,520682.57999999996,1,"[{'code': 'sh.600036', 'size': 12933, 'buy_price': 38.66, 'current_price': 40.26, 'value': 520682.57999999996, 'profit_pct': 0.04138644593895503}]"
2025-01-27,1020603.75811,494877.3081100001,525726.45,1,"[{'code': 'sh.600036', 'size': 12933, 'buy_price': 38.66, 'current_price': 40.65, 'value': 525726.45, 'profit_pct': 0.05147439213657533}]"
2025-02-05,1012197.3081100001,494877.3081100001,517320.0,1,"[{'code': 'sh.600036', 'size': 12933, 'buy_price': 38.66, 'current_price': 40.0, 'value': 517320.0, 'profit_pct': 0.0346611484738749}]"
2025-02-06,1014783.9081100002,494877.3081100001,519906.6000000001,1,"[{'code': 'sh.600036', 'size': 12933, 'buy_price': 38.66, 'current_price': 40.2, 'value': 519906.60000000003, 'profit_pct': 0.03983445421624435}]"
2025-02-07,1014783.9081100002,494877.3081100001,519906.6000000001,1,"[{'code': 'sh.600036', 'size': 12933, 'buy_price': 38.66, 'current_price': 40.2, 'value': 519906.60000000003, 'profit_pct': 0.03983445421624435}]"
2025-02-10,1019957.1081100001,494877.3081100001,525079.8,1,"[{'code': 'sh.600036', 'size': 12933, 'buy_price': 38.66, 'current_price': 40.6, 'value': 525079.8, 'profit_pct': 0.05018106570098306}]"
2025-02-11,1024871.6481100001,494877.3081100001,529994.34,1,"[{'code': 'sh.600036', 'size': 12933, 'buy_price': 38.66, 'current_price': 40.98, 'value': 529994.34, 'profit_pct': 0.06001034661148475}]"
2025-02-12,1033148.7681100001,494877.3081100001,538271.46,1,"[{'code': 'sh.600036', 'size': 12933, 'buy_price': 38.66, 'current_price': 41.62, 'value': 538271.46, 'profit_pct': 0.07656492498706677}]"
2025-02-13,1034312.7381100002,494877.3081100001,539435.43,1,"[{'code': 'sh.600036', 'size': 12933, 'buy_price': 38.66, 'current_price': 41.71, 'value': 539435.43, 'profit_pct': 0.07889291257113307}]"
2025-02-14,1038451.2981100001,494877.3081100001,543573.99,1,"[{'code': 'sh.600036', 'size': 12933, 'buy_price': 38.66, 'current_price': 42.03, 'value': 543573.99, 'profit_pct': 0.08717020175892408}]"
2025-02-17,1034442.0681100001,494877.3081100001,539564.76,1,"[{'code': 'sh.600036', 'size': 12933, 'buy_price': 38.66, 'current_price': 41.72, 'value': 539564.76, 'profit_pct': 0.07915157785825148}]"
2025-02-18,1038709.95811,494877.3081100001,543832.6499999999,1,"[{'code': 'sh.600036', 'size': 12933, 'buy_price': 38.66, 'current_price': 42.05, 'value': 543832.6499999999, 'profit_pct': 0.08768753233316091}]"
2025-02-19,1037804.6481100001,494877.3081100001,542927.34,1,"[{'code': 'sh.600036', 'size': 12933, 'buy_price': 38.66, 'current_price': 41.98, 'value': 542927.34, 'profit_pct': 0.08587687532333163}]"
2025-02-20,1036123.3581100001,494877.3081100001,541246.05,1,"[{'code': 'sh.600036', 'size': 12933, 'buy_price': 38.66, 'current_price': 41.85, 'value': 541246.05, 'profit_pct': 0.08251422659079165}]"
2025-02-21,1030303.50811,494877.3081100001,535426.2,1,"[{'code': 'sh.600036', 'size': 12933, 'buy_price': 38.66, 'current_price': 41.4, 'value': 535426.2, 'profit_pct': 0.07087428867046049}]"
2025-02-24,1028622.2181100001,494877.3081100001,533744.91,1,"[{'code': 'sh.600036', 'size': 12933, 'buy_price': 38.66, 'current_price': 41.27, 'value': 533744.91, 'profit_pct': 0.0675116399379205}]"
2025-02-25,1025518.2981100001,494877.3081100001,530640.99,1,"[{'code': 'sh.600036', 'size': 12933, 'buy_price': 38.66, 'current_price': 41.03, 'value': 530640.99, 'profit_pct': 0.061303673047077206}]"
2025-02-26,1031338.1481100001,494877.3081100001,536460.84,1,"[{'code': 'sh.600036', 'size': 12933, 'buy_price': 38.66, 'current_price': 41.48, 'value': 536460.84, 'profit_pct': 0.07294361096740819}]"
2025-02-27,1042977.8481100001,494877.3081100001,548100.54,1,"[{'code': 'sh.600036', 'size': 12933, 'buy_price': 38.66, 'current_price': 42.38, 'value': 548100.54, 'profit_pct': 0.09622348680807052}]"
2025-02-28,1038709.95811,494877.3081100001,543832.6499999999,1,"[{'code': 'sh.600036', 'size': 12933, 'buy_price': 38.66, 'current_price': 42.05, 'value': 543832.6499999999, 'profit_pct': 0.08768753233316091}]"
2025-03-03,1038709.95811,494877.3081100001,543832.6499999999,1,"[{'code': 'sh.600036', 'size': 12933, 'buy_price': 38.66, 'current_price': 42.05, 'value': 543832.6499999999, 'profit_pct': 0.08768753233316091}]"
2025-03-04,1035476.70811,494877.3081100001,540599.3999999999,1,"[{'code': 'sh.600036', 'size': 12933, 'buy_price': 38.66, 'current_price': 41.8, 'value': 540599.3999999999, 'profit_pct': 0.0812209001551992}]"
2025-03-05,1049573.6781100002,494877.3081100001,554696.3700000001,1,"[{'code': 'sh.600036', 'size': 12933, 'buy_price': 38.66, 'current_price': 42.89, 'value': 554696.37, 'profit_pct': 0.10941541645111237}]"
2025-03-06,1050478.9881100003,494877.3081100001,555601.6800000002,0,[]
2025-03-07,1049425.59526,1049425.59526,0.0,0,[]
2025-03-10,1044106.10197,525457.16197,518648.93999999994,1,"[{'code': 'sh.600036', 'size': 12042, 'buy_price': 43.57, 'current_price': 43.07, 'value': 518648.94, 'profit_pct': -0.011475786091347258}]"
2025-03-11,1049404.58197,525457.16197,523947.4199999999,1,"[{'code': 'sh.600036', 'size': 12042, 'buy_price': 43.57, 'current_price': 43.51, 'value': 523947.42, 'profit_pct': -0.001377094330961723}]"
2025-03-12,1049765.84197,525457.16197,524308.6799999999,1,"[{'code': 'sh.600036', 'size': 12042, 'buy_price': 43.57, 'current_price': 43.54, 'value': 524308.6799999999, 'profit_pct': -0.0006885471654808615}]"
2025-03-13,1053378.44197,525457.16197,527921.28,1,"[{'code': 'sh.600036', 'size': 12042, 'buy_price': 43.57, 'current_price': 43.84, 'value': 527921.28, 'profit_pct': 0.006196924489327591}]"
2025-03-14,1069273.88197,525457.16197,543816.72,1,"[{'code': 'sh.600036', 'size': 12042, 'buy_price': 43.57, 'current_price': 45.16, 'value': 543816.72, 'profit_pct': 0.036492999770484195}]"
2025-03-17,1067828.84197,525457.16197,542371.6799999999,1,"[{'code': 'sh.600036', 'size': 12042, 'buy_price': 43.57, 'current_price': 45.04, 'value': 542371.6799999999, 'profit_pct': 0.03373881110856091}]"
2025-03-18,1069033.0419700001,525457.16197,543575.8800000001,1,"[{'code': 'sh.600036', 'size': 12042, 'buy_price': 43.57, 'current_price': 45.14, 'value': 543575.88, 'profit_pct': 0.036033968326830396}]"
2025-03-19,1079630.00197,525457.16197,554172.8400000001,1,"[{'code': 'sh.600036', 'size': 12042, 'buy_price': 43.57, 'current_price': 46.02, 'value': 554172.8400000001, 'profit_pct': 0.05623135184760163}]"
2025-03-20,1070237.24197,525457.16197,544780.0800000001,1,"[{'code': 'sh.600036', 'size': 12042, 'buy_price': 43.57, 'current_price': 45.24, 'value': 544780.0800000001, 'profit_pct': 0.03832912554509988}]"
2025-03-21,1063734.5619700002,525457.16197,538277.4000000001,1,"[{'code': 'sh.600036', 'size': 12042, 'buy_price': 43.57, 'current_price': 44.7, 'value': 538277.4, 'profit_pct': 0.02593527656644486}]"
2025-03-24,1067949.2619699999,525457.16197,542492.0999999999,1,"[{'code': 'sh.600036', 'size': 12042, 'buy_price': 43.57, 'current_price': 45.05, 'value': 542492.1, 'profit_pct': 0.03396832683038781}]"
2025-03-25,1068430.94197,525457.16197,542973.78,1,"[{'code': 'sh.600036', 'size': 12042, 'buy_price': 43.57, 'current_price': 45.09, 'value': 542973.78, 'profit_pct': 0.03488638971769573}]"
2025-03-26,1039168.88197,525457.16197,513711.72,1,"[{'code': 'sh.600036', 'size': 12042, 'buy_price': 43.57, 'current_price': 42.66, 'value': 513711.72, 'profit_pct': -0.020885930686252094}]"
2025-03-27,1046394.0819699999,525457.16197,520936.9199999999,0,[]
2025-03-28,1046615.05267,1046615.05267,0.0,0,[]
2025-03-31,1047322.0409349999,523210.01093499997,524112.02999999997,1,"[{'code': 'sh.600036', 'size': 12107, 'buy_price': 43.22, 'current_price': 43.29, 'value': 524112.02999999997, 'profit_pct': 0.001619620546043505}]"
2025-04-01,1042237.100935,523210.01093499997,519027.09,1,"[{'code': 'sh.600036', 'size': 12107, 'buy_price': 43.22, 'current_price': 42.87, 'value': 519027.08999999997, 'profit_pct': -0.008098102730217525}]"
2025-04-02,1040542.120935,523210.01093499997,517332.11000000004,1,"[{'code': 'sh.600036', 'size': 12107, 'buy_price': 43.22, 'current_price': 42.73, 'value': 517332.11, 'profit_pct': -0.011337343822304535}]"
2025-04-03,1039573.560935,523210.01093499997,516363.55,1,"[{'code': 'sh.600036', 'size': 12107, 'buy_price': 43.22, 'current_price': 42.65, 'value': 516363.55, 'profit_pct': -0.013188338732068493}]"
2025-04-07,1017538.820935,523210.01093499997,494328.81,1,"[{'code': 'sh.600036', 'size': 12107, 'buy_price': 43.22, 'current_price': 40.83, 'value': 494328.81, 'profit_pct': -0.05529847292919946}]"
2025-04-08,1021413.060935,523210.01093499997,498203.05,0,[]
2025-04-09,1014508.438835,1014508.438835,0.0,0,[]
2025-04-10,1014508.438835,1014508.438835,0.0,0,[]
2025-04-11,1014508.438835,1014508.438835,0.0,0,[]
2025-04-14,1014508.438835,1014508.438835,0.0,0,[]
2025-04-15,1014508.438835,1014508.438835,0.0,0,[]
2025-04-16,1014508.438835,1014508.438835,0.0,0,[]
2025-04-17,1014508.438835,1014508.438835,0.0,0,[]
2025-04-18,1014508.438835,1014508.438835,0.0,0,[]
2025-04-21,1014508.438835,1014508.438835,0.0,0,[]
2025-04-22,1014508.438835,1014508.438835,0.0,0,[]
2025-04-23,1014508.438835,1014508.438835,0.0,0,[]
2025-04-24,1014508.438835,1014508.438835,0.0,0,[]
2025-04-25,1014508.438835,1014508.438835,0.0,0,[]
2025-04-28,1014508.438835,1014508.438835,0.0,0,[]
2025-04-29,1014508.438835,1014508.438835,0.0,0,[]
2025-04-30,1014508.438835,1014508.438835,0.0,0,[]
2025-05-06,1014508.438835,1014508.438835,0.0,0,[]
2025-05-07,1014508.438835,1014508.438835,0.0,0,[]
2025-05-08,1014508.438835,1014508.438835,0.0,0,[]
2025-05-09,1014508.438835,1014508.438835,0.0,0,[]
2025-05-12,1014508.438835,1014508.438835,0.0,0,[]
2025-05-13,1014508.438835,1014508.438835,0.0,0,[]
2025-05-14,1014508.438835,1014508.438835,0.0,0,[]
2025-05-15,1014508.438835,1014508.438835,0.0,0,[]
2025-05-16,1014508.438835,1014508.438835,0.0,0,[]
2025-05-19,1014508.438835,1014508.438835,0.0,0,[]
2025-05-20,1014508.438835,1014508.438835,0.0,0,[]
2025-05-21,1014508.438835,1014508.438835,0.0,0,[]
2025-05-22,1014508.438835,1014508.438835,0.0,0,[]
2025-05-23,1014508.438835,1014508.438835,0.0,0,[]
2025-05-26,1014508.438835,1014508.438835,0.0,0,[]
2025-05-27,1014508.438835,1014508.438835,0.0,0,[]
2025-05-28,1014508.438835,1014508.438835,0.0,0,[]
2025-05-29,1014508.438835,1014508.438835,0.0,0,[]
2025-05-30,1014508.438835,1014508.438835,0.0,0,[]
2025-06-03,1014508.438835,1014508.438835,0.0,0,[]
2025-06-04,1014508.438835,1014508.438835,0.0,0,[]
2025-06-05,1014508.438835,1014508.438835,0.0,0,[]
2025-06-06,1014508.438835,1014508.438835,0.0,0,[]
2025-06-09,1014508.438835,1014508.438835,0.0,0,[]
2025-06-10,1014508.438835,1014508.438835,0.0,0,[]
2025-06-11,1014508.438835,1014508.438835,0.0,0,[]
2025-06-12,1014508.438835,1014508.438835,0.0,0,[]
2025-06-13,1014508.438835,1014508.438835,0.0,0,[]
2025-06-16,1014508.438835,1014508.438835,0.0,0,[]
2025-06-17,1014508.438835,1014508.438835,0.0,0,[]
2025-06-18,1014508.438835,1014508.438835,0.0,0,[]
2025-06-19,1014508.438835,1014508.438835,0.0,0,[]
2025-06-20,1014508.438835,1014508.438835,0.0,0,[]
2025-06-23,1014508.438835,1014508.438835,0.0,0,[]
2025-06-24,1014508.438835,1014508.438835,0.0,0,[]
2025-06-25,1014508.438835,1014508.438835,0.0,0,[]
2025-06-26,1014508.438835,1014508.438835,0.0,0,[]
2025-06-27,1014508.438835,1014508.438835,0.0,0,[]
2025-06-30,1014508.438835,1014508.438835,0.0,0,[]
2025-07-01,1014508.438835,1014508.438835,0.0,0,[]
2025-07-02,1014508.438835,1014508.438835,0.0,0,[]
2025-07-03,1014508.438835,1014508.438835,0.0,0,[]
2025-07-04,1014508.438835,1014508.438835,0.0,0,[]
2025-07-07,1014508.438835,1014508.438835,0.0,0,[]
2025-07-08,1014508.438835,1014508.438835,0.0,0,[]
2025-07-09,1014508.438835,1014508.438835,0.0,0,[]
2025-07-10,1014508.438835,1014508.438835,0.0,0,[]
2025-07-11,1014508.438835,1014508.438835,0.0,0,[]
2025-07-14,1014508.438835,1014508.438835,0.0,0,[]
2025-07-15,1014508.438835,1014508.438835,0.0,0,[]
2025-07-16,1014508.438835,1014508.438835,0.0,0,[]
2025-07-17,1014508.438835,1014508.438835,0.0,0,[]
2025-07-18,1014508.438835,1014508.438835,0.0,0,[]
2025-07-21,1014508.438835,1014508.438835,0.0,0,[]
2025-07-22,1014508.438835,1014508.438835,0.0,0,[]
2025-07-23,1014508.438835,1014508.438835,0.0,0,[]
2025-07-24,1014508.438835,1014508.438835,0.0,0,[]
2025-07-25,1014508.438835,1014508.438835,0.0,0,[]
2025-07-28,1014508.438835,1014508.438835,0.0,0,[]
2025-07-29,1014508.438835,1014508.438835,0.0,0,[]
2025-07-30,1014508.438835,1014508.438835,0.0,0,[]
2025-07-31,1014508.438835,1014508.438835,0.0,0,[]
2025-08-01,1014508.438835,1014508.438835,0.0,0,[]
2025-08-04,1014508.438835,1014508.438835,0.0,0,[]
2025-08-05,1014508.438835,1014508.438835,0.0,0,[]
2025-08-06,1014508.438835,1014508.438835,0.0,0,[]
2025-08-07,1014508.438835,1014508.438835,0.0,0,[]
2025-08-08,1014508.438835,1014508.438835,0.0,0,[]
2025-08-11,1014508.438835,1014508.438835,0.0,0,[]
2025-08-12,1014508.438835,1014508.438835,0.0,0,[]
2025-08-13,1014508.438835,1014508.438835,0.0,0,[]
2025-08-14,1014508.438835,1014508.438835,0.0,0,[]
2025-08-15,1014508.438835,1014508.438835,0.0,0,[]
2025-08-18,1014508.438835,1014508.438835,0.0,0,[]
2025-08-19,1014508.438835,1014508.438835,0.0,0,[]
2025-08-20,1014508.438835,1014508.438835,0.0,0,[]
2025-08-21,1014508.438835,1014508.438835,0.0,0,[]
2025-08-22,1014508.438835,1014508.438835,0.0,0,[]
2025-08-25,1014508.438835,1014508.438835,0.0,0,[]
2025-08-26,1014508.438835,1014508.438835,0.0,0,[]
2025-08-27,1014508.438835,1014508.438835,0.0,0,[]
2025-08-28,1014508.438835,1014508.438835,0.0,0,[]
2025-08-29,1014508.438835,1014508.438835,0.0,0,[]
2025-09-01,1014508.438835,1014508.438835,0.0,0,[]
2025-09-02,1014508.438835,1014508.438835,0.0,0,[]
2025-09-03,1014508.438835,1014508.438835,0.0,0,[]
2025-09-04,1014508.438835,1014508.438835,0.0,0,[]
2025-09-05,1014508.438835,1014508.438835,0.0,0,[]
2025-09-08,1014508.438835,1014508.438835,0.0,0,[]
2025-09-09,1014508.438835,1014508.438835,0.0,0,[]
2025-09-10,1014508.438835,1014508.438835,0.0,0,[]
2025-09-11,1014508.438835,1014508.438835,0.0,0,[]
2025-09-12,1014508.438835,1014508.438835,0.0,0,[]
2025-09-15,1014508.438835,1014508.438835,0.0,0,[]
2025-09-16,1014508.438835,1014508.438835,0.0,0,[]
2025-09-17,1014508.438835,1014508.438835,0.0,0,[]
2025-09-18,1014508.438835,1014508.438835,0.0,0,[]
2025-09-19,1014508.438835,1014508.438835,0.0,0,[]
2025-09-22,1014508.438835,1014508.438835,0.0,0,[]
2025-09-23,1014508.438835,1014508.438835,0.0,0,[]
2025-09-24,1014508.438835,1014508.438835,0.0,0,[]
2025-09-25,1014508.438835,1014508.438835,0.0,0,[]
2025-09-26,1018517.3953249999,507007.795325,511509.5999999999,1,"[{'code': 'sh.600036', 'size': 12537, 'buy_price': 40.46, 'current_price': 40.8, 'value': 511509.6, 'profit_pct': 0.008403361344537723}]"
2025-09-29,1017012.955325,507007.795325,510005.16,1,"[{'code': 'sh.600036', 'size': 12537, 'buy_price': 40.46, 'current_price': 40.68, 'value': 510005.16, 'profit_pct': 0.005437469105289147}]"
2025-09-30,1013627.965325,507007.795325,506620.17,1,"[{'code': 'sh.600036', 'size': 12537, 'buy_price': 40.46, 'current_price': 40.41, 'value': 506620.17, 'profit_pct': -0.0012357884330203722}]"
2025-10-09,1012625.005325,507007.795325,505617.21,1,"[{'code': 'sh.600036', 'size': 12537, 'buy_price': 40.46, 'current_price': 40.33, 'value': 505617.20999999996, 'profit_pct': -0.0032130499258527572}]"
2025-10-10,1010744.455325,507007.795325,503736.66,1,"[{'code': 'sh.600036', 'size': 12537, 'buy_price': 40.46, 'current_price': 40.18, 'value': 503736.66, 'profit_pct': -0.006920415224913523}]"
2025-10-13,1009866.865325,507007.795325,502859.07,1,"[{'code': 'sh.600036', 'size': 12537, 'buy_price': 40.46, 'current_price': 40.11, 'value': 502859.07, 'profit_pct': -0.008650519031141904}]"
2025-10-14,1024284.415325,507007.795325,517276.61999999994,1,"[{'code': 'sh.600036', 'size': 12537, 'buy_price': 40.46, 'current_price': 41.26, 'value': 517276.62, 'profit_pct': 0.0197726149283242}]"
2025-10-15,1027293.2953250001,507007.795325,520285.50000000006,1,"[{'code': 'sh.600036', 'size': 12537, 'buy_price': 40.46, 'current_price': 41.5, 'value': 520285.5, 'profit_pct': 0.02570439940682153}]"
2025-10-16,1032684.205325,507007.795325,525676.4099999999,1,"[{'code': 'sh.600036', 'size': 12537, 'buy_price': 40.46, 'current_price': 41.93, 'value': 525676.41, 'profit_pct': 0.03633217993079582}]"
2025-10-17,1028421.625325,507007.795325,521413.83,1,"[{'code': 'sh.600036', 'size': 12537, 'buy_price': 40.46, 'current_price': 41.59, 'value': 521413.83, 'profit_pct': 0.027928818586258095}]"
2025-10-20,1026290.3353250001,507007.795325,519282.5400000001,1,"[{'code': 'sh.600036', 'size': 12537, 'buy_price': 40.46, 'current_price': 41.42, 'value': 519282.54000000004, 'profit_pct': 0.023727137913989147}]"
2025-10-21,1033311.0553250001,507007.795325,526303.26,1,"[{'code': 'sh.600036', 'size': 12537, 'buy_price': 40.46, 'current_price': 41.98, 'value': 526303.26, 'profit_pct': 0.03756796836381601}]"
2025-10-22,1032934.945325,507007.795325,525927.1499999999,1,"[{'code': 'sh.600036', 'size': 12537, 'buy_price': 40.46, 'current_price': 41.95, 'value': 525927.15, 'profit_pct': 0.036826495304004}]"
2025-10-23,1036570.675325,507007.795325,529562.8799999999,1,"[{'code': 'sh.600036', 'size': 12537, 'buy_price': 40.46, 'current_price': 42.24, 'value': 529562.88, 'profit_pct': 0.04399406821552153}]"
2025-10-24,1032934.945325,507007.795325,525927.1499999999,1,"[{'code': 'sh.600036', 'size': 12537, 'buy_price': 40.46, 'current_price': 41.95, 'value': 525927.15, 'profit_pct': 0.036826495304004}]"
2025-10-27,1028421.625325,507007.795325,521413.83,1,"[{'code': 'sh.600036', 'size': 12537, 'buy_price': 40.46, 'current_price': 41.59, 'value': 521413.83, 'profit_pct': 0.027928818586258095}]"
2025-10-28,1028546.995325,507007.795325,521539.2,1,"[{'code': 'sh.600036', 'size': 12537, 'buy_price': 40.46, 'current_price': 41.6, 'value': 521539.2, 'profit_pct': 0.0281759762728621}]"
2025-10-29,1018141.2853250001,507007.795325,511133.49000000005,1,"[{'code': 'sh.600036', 'size': 12537, 'buy_price': 40.46, 'current_price': 40.77, 'value': 511133.49000000005, 'profit_pct': 0.007661888284725711}]"
2025-10-30,1023532.195325,507007.795325,516524.39999999997,1,"[{'code': 'sh.600036', 'size': 12537, 'buy_price': 40.46, 'current_price': 41.2, 'value': 516524.4, 'profit_pct': 0.018289668808699998}]"
2025-10-31,1019645.725325,507007.795325,512637.93,1,"[{'code': 'sh.600036', 'size': 12537, 'buy_price': 40.46, 'current_price': 40.89, 'value': 512637.93, 'profit_pct': 0.01062778052397429}]"
2025-11-03,1030929.025325,507007.795325,523921.23000000004,1,"[{'code': 'sh.600036', 'size': 12537, 'buy_price': 40.46, 'current_price': 41.79, 'value': 523921.23, 'profit_pct': 0.032871972318339056}]"
2025-11-04,1046224.165325,507007.795325,539216.3699999999,1,"[{'code': 'sh.600036', 'size': 12537, 'buy_price': 40.46, 'current_price': 43.01, 'value': 539216.37, 'profit_pct': 0.06302521008403354}]"
2025-11-05,1043591.3953249999,507007.795325,536583.5999999999,1,"[{'code': 'sh.600036', 'size': 12537, 'buy_price': 40.46, 'current_price': 42.8, 'value': 536583.6, 'profit_pct': 0.0578348986653484}]"
2025-11-06,1037824.3753250001,507007.795325,530816.5800000001,1,"[{'code': 'sh.600036', 'size': 12537, 'buy_price': 40.46, 'current_price': 42.34, 'value': 530816.5800000001, 'profit_pct': 0.0464656450815621}]"
2025-11-07,1039955.665325,507007.795325,532947.8699999999,1,"[{'code': 'sh.600036', 'size': 12537, 'buy_price': 40.46, 'current_price': 42.51, 'value': 532947.87, 'profit_pct': 0.05066732575383087}]"
2025-11-10,1042588.435325,507007.795325,535580.6399999999,1,"[{'code': 'sh.600036', 'size': 12537, 'buy_price': 40.46, 'current_price': 42.72, 'value': 535580.64, 'profit_pct': 0.05585763717251602}]"
2025-11-11,1045597.3153250001,507007.795325,538589.52,1,"[{'code': 'sh.600036', 'size': 12537, 'buy_price': 40.46, 'current_price': 42.96, 'value': 538589.52, 'profit_pct': 0.061789421651013345}]"
2025-11-12,1045221.205325,507007.795325,538213.4099999999,1,"[{'code': 'sh.600036', 'size': 12537, 'buy_price': 40.46, 'current_price': 42.93, 'value': 538213.41, 'profit_pct': 0.061047948591201155}]"
2025-11-13,1048731.565325,507007.795325,541723.77,1,"[{'code': 'sh.600036', 'size': 12537, 'buy_price': 40.46, 'current_price': 43.21, 'value': 541723.77, 'profit_pct': 0.06796836381611468}]"
2025-11-14,1049233.045325,507007.795325,542225.25,1,"[{'code': 'sh.600036', 'size': 12537, 'buy_price': 40.46, 'current_price': 43.25, 'value': 542225.25, 'profit_pct': 0.06895699456253088}]"
2025-11-17,1041710.8453249999,507007.795325,534703.0499999998,1,"[{'code': 'sh.600036', 'size': 12537, 'buy_price': 40.46, 'current_price': 42.65, 'value': 534703.0499999999, 'profit_pct': 0.05412753336628764}]"
2025-11-18,1044594.3553250001,507007.795325,537586.56,1,"[{'code': 'sh.600036', 'size': 12537, 'buy_price': 40.46, 'current_price': 42.88, 'value': 537586.56, 'profit_pct': 0.05981216015818096}]"
2025-11-19,1048856.935325,507007.795325,541849.1399999999,1,"[{'code': 'sh.600036', 'size': 12537, 'buy_price': 40.46, 'current_price': 43.22, 'value': 541849.14, 'profit_pct': 0.06821552150271869}]"
2025-11-20,1048982.305325,507007.795325,541974.51,1,"[{'code': 'sh.600036', 'size': 12537, 'buy_price': 40.46, 'current_price': 43.23, 'value': 541974.51, 'profit_pct': 0.0684626791893227}]"
2025-11-21,1046098.7953250001,507007.795325,539091.0,1,"[{'code': 'sh.600036', 'size': 12537, 'buy_price': 40.46, 'current_price': 43.0, 'value': 539091.0, 'profit_pct': 0.06277805239742953}]"
2025-11-24,1041460.1053250001,507007.795325,534452.31,1,"[{'code': 'sh.600036', 'size': 12537, 'buy_price': 40.46, 'current_price': 42.63, 'value': 534452.31, 'profit_pct': 0.05363321799307962}]"
2025-11-25,1049233.045325,507007.795325,542225.25,1,"[{'code': 'sh.600036', 'size': 12537, 'buy_price': 40.46, 'current_price': 43.25, 'value': 542225.25, 'profit_pct': 0.06895699456253088}]"
2025-11-26,1049233.045325,507007.795325,542225.25,1,"[{'code': 'sh.600036', 'size': 12537, 'buy_price': 40.46, 'current_price': 43.25, 'value': 542225.25, 'profit_pct': 0.06895699456253088}]"
2025-11-27,1048480.8253250001,507007.795325,541473.03,1,"[{'code': 'sh.600036', 'size': 12537, 'buy_price': 40.46, 'current_price': 43.19, 'value': 541473.03, 'profit_pct': 0.0674740484429065}]"
2025-11-28,1045471.945325,507007.795325,538464.1499999999,1,"[{'code': 'sh.600036', 'size': 12537, 'buy_price': 40.46, 'current_price': 42.95, 'value': 538464.15, 'profit_pct': 0.061542263964409344}]"
2025-12-01,1051615.075325,507007.795325,544607.28,1,"[{'code': 'sh.600036', 'size': 12537, 'buy_price': 40.46, 'current_price': 43.44, 'value': 544607.28, 'profit_pct': 0.07365299060800783}]"
2025-12-02,1050862.8553250001,507007.795325,543855.06,1,"[{'code': 'sh.600036', 'size': 12537, 'buy_price': 40.46, 'current_price': 43.38, 'value': 543855.06, 'profit_pct': 0.07217004448838363}]"
2025-12-03,1046224.165325,507007.795325,539216.3699999999,1,"[{'code': 'sh.600036', 'size': 12537, 'buy_price': 40.46, 'current_price': 43.01, 'value': 539216.37, 'profit_pct': 0.06302521008403354}]"
2025-12-04,1048856.935325,507007.795325,541849.1399999999,1,"[{'code': 'sh.600036', 'size': 12537, 'buy_price': 40.46, 'current_price': 43.22, 'value': 541849.14, 'profit_pct': 0.06821552150271869}]"
2025-12-05,1051740.445325,507007.795325,544732.6499999999,1,"[{'code': 'sh.600036', 'size': 12537, 'buy_price': 40.46, 'current_price': 43.45, 'value': 544732.65, 'profit_pct': 0.07390014829461201}]"
2025-12-08,1048355.455325,507007.795325,541347.6599999999,1,"[{'code': 'sh.600036', 'size': 12537, 'buy_price': 40.46, 'current_price': 43.18, 'value': 541347.66, 'profit_pct': 0.06722689075630249}]"
2025-12-09,1046600.275325,507007.795325,539592.48,1,"[{'code': 'sh.600036', 'size': 12537, 'buy_price': 40.46, 'current_price': 43.04, 'value': 539592.48, 'profit_pct': 0.06376668314384573}]"
2025-12-10,1029800.695325,507007.795325,522792.89999999997,1,"[{'code': 'sh.600036', 'size': 12537, 'buy_price': 40.46, 'current_price': 41.7, 'value': 522792.9, 'profit_pct': 0.030647553138902668}]"
2025-12-11,1029549.955325,507007.795325,522542.16,1,"[{'code': 'sh.600036', 'size': 12537, 'buy_price': 40.46, 'current_price': 41.68, 'value': 522542.16, 'profit_pct': 0.030153237765694483}]"
2025-12-12,1030302.175325,507007.795325,523294.37999999995,1,"[{'code': 'sh.600036', 'size': 12537, 'buy_price': 40.46, 'current_price': 41.74, 'value': 523294.38, 'profit_pct': 0.03163618388531886}]"
2025-12-15,1031054.3953249999,507007.795325,524046.5999999999,1,"[{'code': 'sh.600036', 'size': 12537, 'buy_price': 40.46, 'current_price': 41.8, 'value': 524046.6, 'profit_pct': 0.03311913000494306}]"
2025-12-16,1029800.695325,507007.795325,522792.89999999997,1,"[{'code': 'sh.600036', 'size': 12537, 'buy_price': 40.46, 'current_price': 41.7, 'value': 522792.9, 'profit_pct': 0.030647553138902668}]"
2025-12-17,1027544.0353250001,507007.795325,520536.24000000005,1,"[{'code': 'sh.600036', 'size': 12537, 'buy_price': 40.46, 'current_price': 41.52, 'value': 520536.24000000005, 'profit_pct': 0.026198714780029716}]"
2025-12-18,1038200.485325,507007.795325,531192.69,1,"[{'code': 'sh.600036', 'size': 12537, 'buy_price': 40.46, 'current_price': 42.37, 'value': 531192.69, 'profit_pct': 0.04720711814137411}]"
2025-12-19,1033436.425325,507007.795325,526428.6299999999,1,"[{'code': 'sh.600036', 'size': 12537, 'buy_price': 40.46, 'current_price': 41.99, 'value': 526428.63, 'profit_pct': 0.03781512605042019}]"
2025-12-22,1030678.2853250001,507007.795325,523670.49000000005,1,"[{'code': 'sh.600036', 'size': 12537, 'buy_price': 40.46, 'current_price': 41.77, 'value': 523670.49000000005, 'profit_pct': 0.03237765694513105}]"
2025-12-23,1032433.465325,507007.795325,525425.6699999999,1,"[{'code': 'sh.600036', 'size': 12537, 'buy_price': 40.46, 'current_price': 41.91, 'value': 525425.6699999999, 'profit_pct': 0.03583786455758763}]"
2025-12-24,1031430.505325,507007.795325,524422.71,1,"[{'code': 'sh.600036', 'size': 12537, 'buy_price': 40.46, 'current_price': 41.83, 'value': 524422.71, 'profit_pct': 0.03386060306475525}]"
2025-12-25,1030803.6553249999,507007.795325,523795.8599999999,1,"[{'code': 'sh.600036', 'size': 12537, 'buy_price': 40.46, 'current_price': 41.78, 'value': 523795.86, 'profit_pct': 0.032624814631735055}]"
2025-12-26,1029800.695325,507007.795325,522792.89999999997,1,"[{'code': 'sh.600036', 'size': 12537, 'buy_price': 40.46, 'current_price': 41.7, 'value': 522792.9, 'profit_pct': 0.030647553138902668}]"
2025-12-29,1031931.985325,507007.795325,524924.19,1,"[{'code': 'sh.600036', 'size': 12537, 'buy_price': 40.46, 'current_price': 41.87, 'value': 524924.19, 'profit_pct': 0.03484923381117144}]"
2025-12-30,1037072.1553249999,507007.795325,530064.3599999999,1,"[{'code': 'sh.600036', 'size': 12537, 'buy_price': 40.46, 'current_price': 42.28, 'value': 530064.36, 'profit_pct': 0.044982698961937725}]"
2025-12-31,1034815.495325,507007.795325,527807.7,1,"[{'code': 'sh.600036', 'size': 12537, 'buy_price': 40.46, 'current_price': 42.1, 'value': 527807.7000000001, 'profit_pct': 0.04053386060306477}]"
2026-01-05,1037949.745325,507007.795325,530941.95,1,"[{'code': 'sh.600036', 'size': 12537, 'buy_price': 40.46, 'current_price': 42.35, 'value': 530941.9500000001, 'profit_pct': 0.046712802768166105}]"
2026-01-06,1042713.8053250001,507007.795325,535706.01,1,"[{'code': 'sh.600036', 'size': 12537, 'buy_price': 40.46, 'current_price': 42.73, 'value': 535706.01, 'profit_pct': 0.05610479485912002}]"
2026-01-07,1035442.3453249999,507007.795325,528434.5499999998,1,"[{'code': 'sh.600036', 'size': 12537, 'buy_price': 40.46, 'current_price': 42.15, 'value': 528434.5499999999, 'profit_pct': 0.04176964903608497}]"
2026-01-08,1028296.255325,507007.795325,521288.46,1,"[{'code': 'sh.600036', 'size': 12537, 'buy_price': 40.46, 'current_price': 41.58, 'value': 521288.45999999996, 'profit_pct': 0.027681660899653914}]"
2026-01-09,1024785.8953249999,507007.795325,517778.0999999999,1,"[{'code': 'sh.600036', 'size': 12537, 'buy_price': 40.46, 'current_price': 41.3, 'value': 517778.1, 'profit_pct': 0.020761245674740393}]"
2026-01-12,1022529.235325,507007.795325,515521.44,1,"[{'code': 'sh.600036', 'size': 12537, 'buy_price': 40.46, 'current_price': 41.12, 'value': 515521.43999999994, 'profit_pct': 0.016312407315867437}]"
2026-01-13,1022654.6053250001,507007.795325,515646.8100000001,1,"[{'code': 'sh.600036', 'size': 12537, 'buy_price': 40.46, 'current_price': 41.13, 'value': 515646.81000000006, 'profit_pct': 0.01655956500247162}]"
2026-01-14,1009365.385325,507007.795325,502357.59,1,"[{'code': 'sh.600036', 'size': 12537, 'buy_price': 40.46, 'current_price': 40.07, 'value': 502357.59, 'profit_pct': -0.009639149777558096}]"
2026-01-15,1009866.865325,507007.795325,502859.07,1,"[{'code': 'sh.600036', 'size': 12537, 'buy_price': 40.46, 'current_price': 40.11, 'value': 502859.07, 'profit_pct': -0.008650519031141904}]"
2026-01-16,992440.435325,507007.795325,485432.63999999996,1,"[{'code': 'sh.600036', 'size': 12537, 'buy_price': 40.46, 'current_price': 38.72, 'value': 485432.64, 'profit_pct': -0.04300543746910534}]"
2026-01-19,990309.1453249999,507007.795325,483301.3499999999,0,[]
2026-01-20,990318.1092800001,990318.1092800001,0.0,0,[]
2026-01-21,983806.3871200002,494946.22712000017,488860.16000000003,1,"[{'code': 'sh.600036', 'size': 12784, 'buy_price': 38.73, 'current_price': 38.24, 'value': 488860.16000000003, 'profit_pct': -0.012651691195455589}]"
2026-01-22,978820.6271200002,494946.22712000017,483874.4,1,"[{'code': 'sh.600036', 'size': 12784, 'buy_price': 38.73, 'current_price': 37.85, 'value': 483874.4, 'profit_pct': -0.02272140459592036}]"
2026-01-23,974346.2271200002,494946.22712000017,479400.0,0,[]
2026-01-26,974106.5271200002,974106.5271200002,0.0,0,[]
2026-01-27,974887.8090200003,486826.8090200002,488061.00000000006,1,"[{'code': 'sh.600036', 'size': 12810, 'buy_price': 38.02, 'current_price': 38.1, 'value': 488061.0, 'profit_pct': 0.0021041557075223115}]"
2026-01-28,971044.8090200002,486826.8090200002,484217.99999999994,1,"[{'code': 'sh.600036', 'size': 12810, 'buy_price': 38.02, 'current_price': 37.8, 'value': 484217.99999999994, 'profit_pct': -0.005786428195686638}]"
2026-01-29,980396.1090200002,486826.8090200002,493569.3,1,"[{'code': 'sh.600036', 'size': 12810, 'buy_price': 38.02, 'current_price': 38.53, 'value': 493569.3, 'profit_pct': 0.01341399263545497}]"
2026-01-30,982189.5090200002,486826.8090200002,495362.7,1,"[{'code': 'sh.600036', 'size': 12810, 'buy_price': 38.02, 'current_price': 38.67, 'value': 495362.7, 'profit_pct': 0.017096265123619107}]"
2026-02-02,979371.3090200003,486826.8090200002,492544.50000000006,1,"[{'code': 'sh.600036', 'size': 12810, 'buy_price': 38.02, 'current_price': 38.45, 'value': 492544.50000000006, 'profit_pct': 0.011309836927932658}]"
2026-02-03,977449.8090200002,486826.8090200002,490622.99999999994,1,"[{'code': 'sh.600036', 'size': 12810, 'buy_price': 38.02, 'current_price': 38.3, 'value': 490622.99999999994, 'profit_pct': 0.007364544976328091}]"
2026-02-04,986544.9090200001,486826.8090200002,499718.0999999999,1,"[{'code': 'sh.600036', 'size': 12810, 'buy_price': 38.02, 'current_price': 39.01, 'value': 499718.1, 'profit_pct': 0.026038926880589026}]"
2026-02-05,995511.9090200003,486826.8090200002,508685.10000000003,1,"[{'code': 'sh.600036', 'size': 12810, 'buy_price': 38.02, 'current_price': 39.71, 'value': 508685.10000000003, 'profit_pct': 0.04445028932140972}]"
2026-02-06,994102.8090200003,486826.8090200002,507276.00000000006,1,"[{'code': 'sh.600036', 'size': 12810, 'buy_price': 38.02, 'current_price': 39.6, 'value': 507276.0, 'profit_pct': 0.0415570752235665}]"
2026-02-09,992565.6090200002,486826.8090200002,505738.8,1,"[{'code': 'sh.600036', 'size': 12810, 'buy_price': 38.02, 'current_price': 39.48, 'value': 505738.8, 'profit_pct': 0.038400841662282845}]"
2026-02-10,990772.2090200002,486826.8090200002,503945.39999999997,1,"[{'code': 'sh.600036', 'size': 12810, 'buy_price': 38.02, 'current_price': 39.34, 'value': 503945.4, 'profit_pct': 0.03471856917411889}]"
2026-02-11,991540.8090200003,486826.8090200002,504714.00000000006,1,"[{'code': 'sh.600036', 'size': 12810, 'buy_price': 38.02, 'current_price': 39.4, 'value': 504714.0, 'profit_pct': 0.03629668595476053}]"
2026-02-12,986288.7090200002,486826.8090200002,499461.89999999997,1,"[{'code': 'sh.600036', 'size': 12810, 'buy_price': 38.02, 'current_price': 38.99, 'value': 499461.9, 'profit_pct': 0.025512887953708544}]"
2026-02-13,982701.9090200003,486826.8090200002,495875.10000000003,1,"[{'code': 'sh.600036', 'size': 12810, 'buy_price': 38.02, 'current_price': 38.71, 'value': 495875.10000000003, 'profit_pct': 0.018148342977380265}]"
2026-02-24,985648.2090200002,486826.8090200002,498821.39999999997,1,"[{'code': 'sh.600036', 'size': 12810, 'buy_price': 38.02, 'current_price': 38.94, 'value': 498821.39999999997, 'profit_pct': 0.02419779063650696}]"
2026-02-25,983598.6090200002,486826.8090200002,496771.8,1,"[{'code': 'sh.600036', 'size': 12810, 'buy_price': 38.02, 'current_price': 38.78, 'value': 496771.8, 'profit_pct': 0.019989479221462336}]"
